Payee:TEXT,Amount:REAL,tag:TEXT
405 WSDOT AVIATION 866-936-8246 WA,145.0,Aircraft_Aviation
441 INSIDE THE BELTWAY LAS VEGAS DC,18.5,Miscellaneous_Unknown
6116_MMW_LAS Las Vegas NV,8.0,Miscellaneous_Unknown
76 - GURANAND 3 INC SEATTLE WA,82.9,Miscellaneous_Unknown
8991 GREAT CLIPS AT ISLANMERCER ISLANDWA,33.0,Miscellaneous_Unknown
ABC #104 LV LAS VEGAS NV,6.2,Miscellaneous_Unknown
ACE PARKING 3286 BELLVUE WA,8.0,Miscellaneous_Unknown
ACE PARKING 3288 SEATTLE WA,7.0,Miscellaneous_Unknown
ACE PARKING 3381 SEATTLE WA,7.0,Miscellaneous_Unknown
AEROMEXICO C1392159310735CUAUHT MOC,488.3,Other_Airline
AEROMEXICO C1392159310736CUAUHT MOC,488.3,Other_Airline
AEROMEXICO C1392160815696CUAUHT MOC,326.3,Other_Airline
AEROMEXICO C1392160816127CUAUHT MOC,285.4,Other_Airline
AEROMEXICO C1392160816128CUAUHT MOC,285.4,Other_Airline
AEROMEXICO C1392160816356CUAUHT MOC,803.0,Other_Airline
AEROMEXICO C1392160816357CUAUHT MOC,803.0,Other_Airline
AF/GIRLSCOUTPRODUCT 800-274-3666 WI,86.0,Food_Dining
AIRBNB * HM2P8HBQSQ AIRBNB.COM CA,1113.3,BnB
AIRBNB * HMKA5DQB4S AIRBNB.COM CA,952.1,BnB
AIRBNB * HMRAP3QMSC AIRBNB.COM CA,5018.6,BnB
AIRBNB * HMSNQAB3MZ AIRBNB.COM CA,2071.4,BnB
AIRBNB * TAQJ5EJP AIRBNB.COM CA,271.8,BnB
AIRCRAFT & PILOT ASSN WWW.AOPA.ORG MD,89.0,Aircraft_Aviation
AIRGARAGE PARKING AIRGARAGE.COMCA,45.6,Miscellaneous_Unknown
ALASKA AIR 0272100527177SEATTLE WA,516.6,Alaska
ALASKA AIR 0272100527178SEATTLE WA,516.6,Alaska
ALASKA AIR 0272100527179SEATTLE WA,516.6,Alaska
ALASKA AIR 0272100527180SEATTLE WA,516.6,Alaska
ALASKA AIR 0272100527181SEATTLE WA,516.6,Alaska
ALASKA AIR 0272100529653SEATTLE WA,386.6,Alaska
ALASKA AIR 0272100529654SEATTLE WA,386.6,Alaska
ALASKA AIR 0272100529655SEATTLE WA,386.6,Alaska
ALASKA AIR 0272100529836SEATTLE WA,198.3,Alaska
ALASKA AIR 0272105545190SEATTLE WA,548.3,Alaska
ALASKA AIR 0272105742625SEATTLE WA,1946.6,Alaska
ALASKA AIR 0272111447638SEATTLE WA,955.2,Alaska
ALASKA AIR 0272111447639SEATTLE WA,955.2,Alaska
ALASKA AIR 0272111689770SEATTLE WA,323.3,Alaska
ALASKA AIR 0272111689852SEATTLE WA,278.3,Alaska
ALASKA AIR 0272111709291SEATTLE WA,876.6,Alaska
ALASKA AIR 0272115262020SEATTLE WA,308.3,Alaska
ALASKA AIR 0272115262021SEATTLE WA,308.3,Alaska
ALASKA AIR 0272115502675SEATTLE WA,598.3,Alaska
ALASKA AIR 0272116003259SEATTLE WA,268.3,Alaska
ALASKA AIR 0272117210133SEATTLE WA,864.0,Alaska
ALASKA AIR 0272117210134SEATTLE WA,864.0,Alaska
ALASKA AIR 0272122595524SEATTLE WA,877.6,Alaska
ALASKA AIR 0272122595527SEATTLE WA,877.6,Alaska
ALASKA AIR 0272123560557SEATTLE WA,926.9,Alaska
ALASKA AIR 0272123561906SEATTLE WA,660.4,Alaska
ALASKA AIR 0272123564696SEATTLE WA,798.3,Alaska
ALASKA AIR 0272123564697SEATTLE WA,798.3,Alaska
ALASKA AIR 0272127317574SEATTLE WA,796.6,Alaska
ALASKA AIR SEATTLE WA,560.0,Alaska
ALCATRAZ DISENOS SN MIGUEL DE,106.2,Food_Dining
ALLISTER 206-5520224 WA,465.7,Food_Dining
ALTO ONSITE PARIS 1,7.0,Miscellaneous_Unknown
AMALIA HOTEL DELFI,140.9,Lodging
AMATO DENTAL GROUP SEATTLE WA,679.8,Health
AMAZING CARPET AND TIL amazingcarpetCA,1850.0,House & Real Estate
AMAZON MKTPL*2G3CU58M3 Amzn.com/billWA,46.0,Amazon
AMAZON MKTPL*939Y966H3 Amzn.com/billWA,55.8,Amazon
AMAZON MKTPL*BX3XA0RY3 Amzn.com/billWA,26.1,Amazon
AMAZON MKTPL*G14MX7KP3 Amzn.com/billWA,48.5,Amazon
AMAZON MKTPL*I46WB3J73 Amzn.com/billWA,134.6,Amazon
AMAZON MKTPL*K93R07Q83 Amzn.com/billWA,33.9,Amazon
AMAZON MKTPL*KY8K40AP3 Amzn.com/billWA,111.0,Amazon
AMAZON MKTPL*LU2A765J3 Amzn.com/billWA,94.3,Amazon
AMAZON MKTPL*MR2VC0QV3 Amzn.com/billWA,23.1,Amazon
AMAZON MKTPL*NJ7129P20 Amzn.com/billWA,22.0,Amazon
AMAZON MKTPL*XF4GF1FP3 Amzn.com/billWA,41.9,Amazon
AMAZON RETA* 009QS22E3 WWW.AMAZON.COWA,67.8,Amazon
AMAZON RETA* 4W7E37JF3 WWW.AMAZON.COWA,11.2,Amazon
AMAZON RETA* 8H5781T53 WWW.AMAZON.COWA,33.0,Amazon
AMAZON RETA* HV6AX37B3 WWW.AMAZON.COWA,26.5,Amazon
AMAZON RETA* J575S5RM3 WWW.AMAZON.COWA,42.9,Amazon
AMAZON RETA* JQ1G71GN3 WWW.AMAZON.COWA,13.4,Amazon
AMAZON RETA* U043T5IR3 WWW.AMAZON.COWA,38.1,Amazon
AMAZON RETA* X10HB57L3 WWW.AMAZON.COWA,32.1,Amazon
AMRIKAN TOIL TEL AVIV,52.8,Lodging
AMZN Mktp US*Z771R4XP0 Amzn.com/billWA,601.7,Amazon
ANNUAL FEE,95.0,Subscriptions
APPLE UK R329 LONDON,615.4,Computers_Software
ARANGRANT AIR TKT 888-9463882 CA,1794.1,Other_Airline
ARKIA BNEY BRAK,30.0,Miscellaneous_Unknown
ARUGULA AND RYE DES MOINES IA,10.7,Miscellaneous_Unknown
AT *KIDSQUEST CHILD'S MUSBELLEVUE WA,225.0,Entertainment
ATM - TRANSACTION FEE,55.0,Miscellaneous_Unknown
ATTIKI ODOS KOROPI,3.0,Miscellaneous_Unknown
ATTIKI ODOS METAMORFOSI,2.9,Miscellaneous_Unknown
Avis Rent A Car 1 SANDTON,95.1,Transportation
AVIS RENT-A-CAR E387977656,265.1,Transportation
AVIS RENT-A-CAR E539612953,462.3,Transportation
AVIS RENT-A-CAR SANTA ROSA CA,2.5,Transportation
AVIS RENT-A-CAR SPOKANE WA,258.0,Transportation
AVIS.COM PREPAY 800-352-7900 VA,-72.5,Transportation
AVIS.COM PREPAY 8003527900 VA,269.7,Transportation
BABYSTACKS CAFE 7 LAS VEGAS NV,189.1,Food_Dining
BANCO SANTANDER JOSE AZUETA,268.9,Miscellaneous_Unknown
BAR MARMOTA CIUDAD DE MEX,110.5,Food_Dining
BARBICAN CENTRE LONDON,195.6,Entertainment
BARNES & NOBLE #2867 ALEXANDRIA VA,148.8,Miscellaneous_Unknown
BARNES & NOBLE #3401 KIRKLAND WA,76.1,Miscellaneous_Unknown
BARONS SINO KITCHEN & 425-5008888 WA,147.6,Food_Dining
BICICLETA PUBL ECOBICI CIUDAD DE MEX,64.5,Transportation
BITUMAN AVIATION SERVICESNairobi,1008.0,Aircraft_Aviation
BOOK SHOP JERUSALEM,56.5,Miscellaneous_Unknown
BRITISH A 1252209983414WWW.BRITISHAI,206.9,Other_Airline
CAFE DE PARIS PARIS,109.5,Food_Dining
CAFE VELOCE 425-8142972 WA,157.4,Food_Dining
CAMANO ISLAND COFFEE CAMANO ISLANDWA,222.9,Food_Dining
CAMANO ISLAND COFFEE R CAMANO ISLANDWA,12.5,Miscellaneous_Unknown
CAMANO ISLAND STATE PARK 360-902-8572 WA,7.0,Miscellaneous_Unknown
CAMANO ISLAND STATE PARK CAMANO ISLANDWA,7.0,Miscellaneous_Unknown
CAMANO MARINE CAMANO ISLANDWA,2066.5,Cars_Boats
CAMANO PLAZA MA CAMANO ISLANDWA,341.5,Food_Dining
CAMOCEAN COFFEE COMPANY CAMANO ISLANDWA,24.8,Miscellaneous_Unknown
CARREFOURMARKET PARIS,46.6,Miscellaneous_Unknown
CBI*Acronis 151-2289241 IL,347.1,Computers_Software
CCBill.com *Offworld Med888-5969279 AZ,70.0,Entertainment
CHATEAU BELMONT TOURS,122.1,Entertainment
CHATEAU D AMBOIS2932818 AMBOISE,38.5,Miscellaneous_Unknown
CHECKERS 64913 GROVE WINDHOEK,40.3,Miscellaneous_Unknown
CHEVRON 0092003 MERCER ISLANDWA,48.2,Miscellaneous_Unknown
CHEVRON 0356816 MERCER ISLANDWA,49.6,Miscellaneous_Unknown
CHRISTIANSON'S NURSERY 360-466-3821 WA,668.1,House & Real Estate
CIELO SAN MIGUEL AL,64.6,Food_Dining
CIELO SN MIGUEL DE,75.0,Food_Dining
CINDY'S BEAUTY SALON MERCER ISLANDWA,114.0,Miscellaneous_Unknown
CINEMARK 1118 BOXCON Bellevue WA,22.7,Miscellaneous_Unknown
CITY OF CHILLICOTHE CHILLICOTHE MO,300.1,Aircraft_Aviation
CIVIL AVIATION (01) ZIMBABWE,40.8,Miscellaneous_Unknown
CKE*PACIFIC DINER HENDERSHENDERSON NV,230.9,Food_Dining
CLIP MX*TRANSPFRIENDL ALVARO OBREGO,661.3,Transportation
CLOITRE PSALETTE2620492 37TOURS,9.3,Miscellaneous_Unknown
COCO PASSION PARIS 4,8.1,Miscellaneous_Unknown
COFIROUTE 92506,56.2,Miscellaneous_Unknown
Collina Cafe and RestauraDodoma,4.0,Miscellaneous_Unknown
COLUMBIA CITY PARKING SEATTLE WA,10.0,Miscellaneous_Unknown
CORPORATE AIR CENTER BURLINGTON WA,1905.4,Aircraft_Aviation
CORPORATE AIR CENTER UB CBURLINGTON WA,137.7,Aircraft_Aviation
COSTCO WHSE #0001 SEATTLE WA,217.2,Food_Dining
COSTCO WHSE #0662 BURLINGTON WA,248.5,Food_Dining
COUNTRY INN & SUITES - BROOKINGS SD,133.1,Lodging
COURTYARD BISMARCK NOR BISMARCK ND,281.9,Lodging
COURTYARD BY MARRIOTT BOSTON MA,454.2,Lodging
CREPERIE DE PARIS REDMOND WA,43.7,Miscellaneous_Unknown
CRYSTAL MOUNTAIN ENUMCLAW WA,5.4,Miscellaneous_Unknown
CTLP*Venuplus Inc ORLANDO FL,3.5,Miscellaneous_Unknown
CURB LV TAXI NELLIS QUEENS NY,20.7,Miscellaneous_Unknown
CURB LV TAXI YCS QUEENS NY,72.5,Transportation
"CURSOR, AI POWERED IDE CURSOR.COM NY",211.6,Computers_Software
CVS/PHARMACY #11651 MERCER ISLANDWA,46.3,Miscellaneous_Unknown
DB Automaten Frankfurt am,65.8,Miscellaneous_Unknown
DELIVEROO LONDON,411.1,Miscellaneous_Unknown
DELTA AIR 0062329773452800-2211212 CA,1797.0,Delta
DELTA AIR 0062329773453800-2211212 CA,1797.0,Delta
DELTA AIR 0062329773454800-2211212 CA,1797.0,Delta
DELTA AIR 0062329773455800-2211212 CA,1797.0,Delta
DELTA AIR 0062333866720800-2211212 CA,1648.0,Delta
DELTA AIR 0062378738559LONGFORD,7080.1,Delta
DELTA HOTELS BY MARRIOTT SWANSEA,601.7,Lodging
DESERT CAB LAS VEGAS NV,56.5,Transportation
DEUX ARGYLE REALTORS LIMIMLOLONGO,119.8,Miscellaneous_Unknown
DIAMOND PARKING parkmobilecomWA,148.1,Transportation
DIAMOND PARKING SERVICES 509-295-6490 WA,86.5,Transportation
DIGITALOCEAN.COM DIGITALOCEAN.NY,145.4,Computers_Software
DIM SUM FACTORY 131-27305592 IL,111.7,Food_Dining
DISCHEM GROVE WINDHOEK,17.2,Miscellaneous_Unknown
DONNAS ESPRESSO MARYSVILLE WA,7.3,Miscellaneous_Unknown
DOUBLETREE CEDAR RAPID 319-7314444 IA,229.3,Lodging
DPO*Airlink IBE NA Windhoek,727.4,Other_Airline
DPO*Airlink IBE ZW Harare,408.0,Other_Airline
EASTSIDE MOBILE AUTO GLAS206-255-7827 WA,1789.3,Cars_Boats
ECITIZEN NAIROBI,68.1,Miscellaneous_Unknown
EL AL 114249114117297239771111,1.9,Miscellaneous_Unknown
EL AL TEL AVIV INTER LOD NAMAL TEU,0.0,Miscellaneous_Unknown
ELGER BAY FOOD MART CAFE CAMANO WA,22.2,Miscellaneous_Unknown
ELGER BAY FOOD MART CAMANO ISLANDWA,147.3,Food_Dining
English Heritage Trust Swindon,45.5,Miscellaneous_Unknown
ENTERPRISE RENT-A-CAR LAS VEGAS NV,478.1,Transportation
ETHIOPIAN AI0714402844034NAIROBI,20.2,Other_Airline
ETHIOPIAN AI7173799791384800-4452733 VA,949.0,Other_Airline
EXCLUSIVE BOOKS AIRPOR Kempton Park,36.7,Miscellaneous_Unknown
EXCLUSIVE BOOKS WATERF Cape Town,21.5,Miscellaneous_Unknown
EXEC AIR INC OF MONTANA HELENA MT,475.7,Aircraft_Aviation
EXECUTIVE AIR TAXI CORP. BISMARCK ND,683.5,Aircraft_Aviation
EXPEDIA 72067776170749 EXPEDIA.COM WA,298.9,Lodging
EXPEDIA 72067777964197 EXPEDIA.COM WA,568.2,Lodging
EXPEDIA 73062267828670 EXPEDIA.COM WA,3724.8,Lodging
EXPEDIA 73063315439405 EXPEDIA.COM WA,961.4,Lodging
EXPEDIA 73063336852687 EXPEDIA.COM WA,24.0,Lodging
EXPEDIA 73084548923059 EXPEDIA.COM WA,411.0,Lodging
EXPEDIA 73085471437070 EXPEDIA.COM WA,288.4,Lodging
EXPEDIA 73098705690268 EXPEDIA.COM WA,704.4,Lodging
EXPEDIA 73216014890497 EXPEDIA.COM WA,15.6,Lodging
EXPEDIA 73220320765207 EXPEDIA.COM WA,215.5,Lodging
EXPEDIA 73244879778030 EXPEDIA.COM WA,146.1,Lodging
EXPEDIA 73264028341883 EXPEDIA.COM WA,65.3,Lodging
EYE SOCIETY BELLEVUE BELLEVUE WA,1059.2,Health
FAA MEDICAL EXAMS INC SEATTLE WA,190.0,Aircraft_Aviation
FAIRFIELD INN & SUITES DES MOINES IA,152.3,Lodging
FAIRFIELD INN & SUITES DETROIT LAKESMN,193.2,Lodging
Fat Tire Tours Holdings L732-9153680 TX,52.1,Miscellaneous_Unknown
FIRST LIGHT CONDO FIRSTLIGHTSEAWA,51.9,House & Real Estate
FORD OF KIRKLAND/HYUNDAI KIRKLAND WA,1623.8,Cars_Boats
FOREFLIGHT LLC 855-583-5087 TX,1065.6,Aircraft_Aviation
FRAUD DISPUTE,-61.5,Miscellaneous_Unknown
FSP*EASTSIDE LIMOUSINE 425-558-4755 WA,1770.0,Transportation
Garmin 800-5112459 ME,529.7,Computers_Software
GATEWAY AIRPORT AUTHORI POLOKWANE,24.1,Miscellaneous_Unknown
GAUTRAIN ORTIA TVM GAUTENG,27.7,Miscellaneous_Unknown
GEG PEETES COFFEE C 2310 SPOKANE WA,10.0,Miscellaneous_Unknown
GEG RIVERSIDE CAFE 1118 SPOKANE WA,36.4,Miscellaneous_Unknown
GIANT 2381 WASHINGTON DC,55.4,Miscellaneous_Unknown
GIRLSCOUTSN 202-274-337 DC,37.0,Miscellaneous_Unknown
GO RENTALS COE HAYDEN ID,372.6,Transportation
GRAMMARLY CO*VOLZ7RU GRAMMARLY.COMCA,139.9,Computers_Software
GUARDIAN PEAK 112631 STELLENBOSCH,93.6,Food_Dining
GWL GRAND MOUND WOODS 800-6409653 WA,14.4,Miscellaneous_Unknown
H ST HAIR WASHINGTON DC,78.0,Miscellaneous_Unknown
HAGGEN 3480 STANWOOD WA,5.3,Miscellaneous_Unknown
HANDSOME LION ENTERPRIS LIVINGSTONE,1.8,Miscellaneous_Unknown
HERRERIA ROSAS SN MIGUEL DE,1875.0,Lodging
HERTZ IXTAPA MXN ZIHUATANEJO D,2239.5,Transportation
HERZL NERTAMID H-NT.SHULCLOUWA,45.0,Miscellaneous_Unknown
HOMOS FOL ABU ALI FORADES,43.5,Miscellaneous_Unknown
HORODATEURS AUT 2327664 37/TOURS,4.0,Miscellaneous_Unknown
HOT PRESENT MOMENT I LA UNION DE I,237.0,Miscellaneous_Unknown
HOTEL EDEN LA UNION GRO,604.8,Lodging
HOTEL SAFARI WINDHOEK,63.6,Lodging
HUDSON ST 1504 SEATTLE WA,4.2,Miscellaneous_Unknown
HUDSONNEWS ST1185 DES PLAINES IL,39.7,Miscellaneous_Unknown
HYATT REG LKE WSHGTN F&B RENTON WA,507.6,Lodging
IC OR TAMBO KEMPTON PARK,63.2,Miscellaneous_Unknown
IL BISTRO SEATTLE WA,378.8,Food_Dining
IN FLIGHT PURCHASE REBATE,-295.6,Miscellaneous_Unknown
IN FLIGHT REBATE ADJ,295.6,Miscellaneous_Unknown
INTEREST CHARGED ON BANK CASH ADVANCES,2.6,Miscellaneous_Unknown
ISLAND COUNTY CAMANO OUTBCAMANO ISLANDWA,133.8,House & Real Estate
JANES RADIANT 425-267-0202 WA,5982.9,House & Real Estate
JEPPESEN SANDERSON 800-621-5377 CO,619.3,Aircraft_Aviation
JOECOFFEE-CAFFE LADRO 120-65313212 WA,7.7,Miscellaneous_Unknown
JUDYS COUNTRY KITCHEN LLCCENTRALIA WA,57.7,Food_Dining
KATHAKALI AN INDIAN EATERKIRKLAND WA,111.1,Food_Dining
KING COUNTY PROP TAX PMNT888-8916064 WA,637.0,House & Real Estate
KONFIO*SERV TICTOC VALLE DE BRAV,307.4,Lodging
KOUSATHANAS EL KAI S VOULIAGMENI,110.6,Food_Dining
KOZA TURKISH GROCERY KIRKLAND WA,109.3,Food_Dining
LA REAL DE MICHOACAN HENDERSON NV,102.3,Food_Dining
LAZ PARKING ECOMMERCE HARTFORD CT,18.6,Miscellaneous_Unknown
LES 4 SAISONS AMBOISE,23.6,Miscellaneous_Unknown
LES SCHWAB #419 BELLEVUE WA,2711.5,Cars_Boats
LIGHTNINGSRC/INGMSPK 800-509-4156 TN,47.9,Miscellaneous_Unknown
LIMNH VOULIAGMENIS BOYLIAGMEN,40.0,Miscellaneous_Unknown
LOCALS ESPRESSO 3 STANWOOD WA,3.5,Miscellaneous_Unknown
LONDON THEATRE DIRECT LONDON,178.5,Entertainment
LS SNAPDOODLE TOYS & G 425-4080021 WA,46.6,Miscellaneous_Unknown
LUFTHANSA 2202221413860KOLN,794.4,Lufthansa
LUFTHANSA 2202221414324KOLN,6629.5,Lufthansa
LUFTHANSA 2202230313805KOLN,265.8,Lufthansa
LUFTHANSA 2202230814971KOLN,468.2,Lufthansa
LUFTHANSA 2202232218058KOLN,147.7,Lufthansa
LUFTHANSA 2202232244968KOLN,114.2,Lufthansa
LW Theatres Group Limitedlondon,334.3,Entertainment
LYFT *CAPITALBIKE RI LYFT.COM CA,4.9,Miscellaneous_Unknown
M&S CATERING SEATTLE SEATTLE WA,90.9,Food_Dining
MACPHERSON PRODUCE SEATTLE WA,27.4,Miscellaneous_Unknown
MANCHU WOK T1C ORD CHICAGO IL,15.6,Miscellaneous_Unknown
MANDALAY - CITIZENS LAS VEGAS NV,147.6,Food_Dining
MANDALAY - MOOREA BAR LAS VEGAS NV,475.0,Food_Dining
MANDALAY - NOODLE SHOP LAS VEGAS NV,561.8,Food_Dining
MANDALAY BAY HTL SELF PA LAS VEGAS NV,60.0,Food_Dining
MASTORIS ILIAS THIVA,10.9,Miscellaneous_Unknown
mcafee.com/autorenewal 866-6223911 CA,132.2,Computers_Software
MCDONALD'S F7026 EVERETT WA,8.0,Miscellaneous_Unknown
MEDIUM ANNUAL MEDIUM.COM CA,50.0,Subscriptions
MERCER ISLAND TRUE VALUE MERCER ISLANDWA,28.1,Miscellaneous_Unknown
MERCER NAILS & SPA MERCER ISLANDWA,452.0,Miscellaneous_Unknown
MERPAGO*JEAN CIUDAD DE MEX,260.6,Food_Dining
METROPOLIS PARKING METROPOLIS.IOTN,77.9,Transportation
METROPOLITAN MARKET KIRKLAND WA,58.1,Transportation
METROPOLITAN MARKET MERCER ISLANDWA,446.5,Transportation
MGMRI - SHARK REEF 185-52755733 NV,178.0,Entertainment
MHAISS HOSEA KUTAKO WINDHOEK,187.5,Food_Dining
MICHAEL'S TOYOTA OF BELL BELLEVUE WA,1980.6,Cars_Boats
MIXTA SAN MIGUEL SAN MIGUEL DE,114.9,Food_Dining
MOD PIZZA SEATTLE CNTR SEATTLE WA,10.6,Miscellaneous_Unknown
MON PETIT POULET PARIS 17,13.3,Miscellaneous_Unknown
Mount Vernon Mount Vernon VA,71.0,Miscellaneous_Unknown
MPS*THE ISRAELI CENT RAMAT HA'SHAR,50.4,Miscellaneous_Unknown
MUGG AND BEAN DOMESTI KEMPTON PARK,17.6,Miscellaneous_Unknown
MUSEO CIUDAD DE MEX,53.5,Entertainment
MUSIC FOR THE EYES LANGLEY WA,1150.0,Health
MUSTANG AVIATION PIERRE SD,865.2,Aircraft_Aviation
MWIBA HOLDINGS S3057031ARUSHA,840.0,Lodging
MY CHOICE SOFTWARE LLC 800-3181439 CA,230.0,Computers_Software
N.O.T. UK LIMITED LONDON,5.4,Miscellaneous_Unknown
NAC EROS AIRPORT WINDHOEK,20.8,Miscellaneous_Unknown
NANDO'S PERI PERI #028 WASHINGTON DC,20.1,Miscellaneous_Unknown
National Airport0016626LUSAKA,186.1,Transportation
NATIONAL AIRPORTS LSTON Livingstone,74.3,Miscellaneous_Unknown
NEA ODOS AE KAPANDRITI,8.8,Miscellaneous_Unknown
NEA ODOS AE MARTINO,5.1,Miscellaneous_Unknown
NEA ODOS AE THIVA,10.3,Miscellaneous_Unknown
Netflix 1 8445052993 CA,17.1,Miscellaneous_Unknown
Netflix.com 408-5403700 CA,79.3,Entertainment
Netflix.com netflix.com CA,36.9,Miscellaneous_Unknown
NETFLIX.COM NETFLIX.COM CA,79.3,Entertainment
NORTH IDAHO JET HAYDEN LAKE ID,743.2,Aircraft_Aviation
NOTRE DAME PARIS PARIS,11.6,Miscellaneous_Unknown
NY REVIEW OF BOOKS 800-354-0050 NY,129.9,Subscriptions
O.D.A.P. ROMAIKI AGORA DELFI,47.0,Miscellaneous_Unknown
OLYMPOUS PLAZA 76 ATALANTI,6.8,Miscellaneous_Unknown
OPENAI *CHATGPT SUBSCR OPENAI.COM CA,242.4,Computers_Software
ORCA 8889886722 WA,3.0,Miscellaneous_Unknown
ORCHARDS NURSERY STANWOOD WA,1140.8,House & Real Estate
OSPREY RESTAURANT AND B 509-5345805 WA,120.4,Food_Dining
Pacific Northwest Ball Seattle WA,219.0,Entertainment
PAGLIACCI JUANITA KIRKLAND WA,11.4,Miscellaneous_Unknown
PALAZZO SHOWROOM BAR LAS VEGAS NV,7.6,Miscellaneous_Unknown
"ParkWhiz, Inc. Chicago IL",62.9,Transportation
PASS ZATD WWW.TRAVELDOC,74.0,Entertainment
PAUL ST PAULS LONDON,12.0,Miscellaneous_Unknown
PERFORMANCE HOME MEDICAL 253-852-5612 WA,63.5,Health
Perkins Coie SEATTLE WA,70.0,Miscellaneous_Unknown
PETER MILLER BOOKS SEATTLE WA,295.7,Entertainment
PHEASANTS FURY AVIATION L605-3769708 SD,613.2,Aircraft_Aviation
PnP Crp Waterfront WATERFRONT,27.0,Miscellaneous_Unknown
PnP Fam Springs Gate SPRINGS,157.8,Food_Dining
POINTMP*DANI CIUDAD DE MEX,16.9,Miscellaneous_Unknown
PORT OF SOUTH WHIDBEY COUPEVILLE WA,7.0,Miscellaneous_Unknown
PORTUGUES FISHERMAN RES LUDERITZ,309.4,Food_Dining
Posthotel Leavenworth 509-5487678 WA,775.6,Lodging
POSTNET VA WATERFRONT CAPE TOWN,36.9,Miscellaneous_Unknown
PREMIER NAILS & SPA MERCER ISLANDWA,370.0,Miscellaneous_Unknown
PREMIUM PARKING PREMIUMPARKINLA,41.0,Miscellaneous_Unknown
PRET A MANGER HEATHROW,20.1,Miscellaneous_Unknown
PRET A MANGER LONDON,30.7,Miscellaneous_Unknown
PUMA ENERGY NAM-EROS A WINDHOEK,1409.4,Aircraft_Aviation
PUMA ENERGY ZAMBIA PLC LIVINGSTONE,665.3,Aircraft_Aviation
PUMA ENERGY ZAMBIA PLC LUSAKA,693.4,Aircraft_Aviation
PWK ATLANTIC WHEELING 847-8080812 IL,909.1,Aircraft_Aviation
QFC #5806 MERCER ISLANDWA,220.3,Food_Dining
QFC #5859 BELLEVUE WA,8.6,Miscellaneous_Unknown
RAMC AIRCRAFT FUEL GERMISTON,963.9,Aircraft_Aviation
RATP PARIS,5.8,Miscellaneous_Unknown
RECREATION.GOV ALBUQUERQUE NM,22.0,Miscellaneous_Unknown
REGISTERED AGENT - WA SINGLEFILE.IOWA,300.0,Computers_Software
REST EL CARDENAL LA AL CIUDAD DE MEX,63.0,Food_Dining
REST EL PEGASO SN MIGUEL DE,49.7,Miscellaneous_Unknown
REST IS POLITICS US UCKFIELD,81.4,Subscriptions
REST MI JAR LA UNION DE I,147.7,Food_Dining
REST MI JARDIN TRONCON LA UNION DE I,34.6,Miscellaneous_Unknown
REST PRESENT MOMENT LA UNION DE I,96.5,Food_Dining
RESTAURANT INDIGO ZIHUATANEJO D,1289.0,Food_Dining
RITE AID 05197 MERCER ISLANDWA,53.7,Health
ROYAL BANK UK / TESCO NRTH HA,369.8,Miscellaneous_Unknown
RYANMCBETH.COM RYANMCBETH.COMD,100.0,Subscriptions
SAHARA PIZZA - 102ND AVE STANWOOD WA,124.3,Food_Dining
SAHARA PIZZA - MERCER ISLMERCER ISLANDWA,56.8,Food_Dining
SAIGON MARKET CEDAR RAPIDS IA,10.8,Miscellaneous_Unknown
SAM CHOY TO THE MAXSEATACSEATAC WA,98.5,Food_Dining
SANTA ROSA JET CENTER SANTA ROSA CA,904.2,Aircraft_Aviation
SARANJEET SINGH SHAG CAB 206-8986775 WA,81.6,Transportation
SBUX SEATTLE WA,5.2,Miscellaneous_Unknown
SCHOLASTIC BOOK FAIRS R4 LAKE MARY FL,26.4,Miscellaneous_Unknown
SCIENCE MUSEUM LONDON,10.2,Miscellaneous_Unknown
Scribd *589159419 415-2336230 CA,145.5,Subscriptions
SDOT PAYBYPHONE PARKING 206-684-2489 WA,20.4,Miscellaneous_Unknown
SDOT PAYBYPHONE PARKING 206-684-5260 WA,8.5,Miscellaneous_Unknown
SEA AIRPORT PARKING 2067874069 WA,74.0,Transportation
SEATTLE CENTER MERCER SEATTLE WA,45.0,Miscellaneous_Unknown
SEATTLE MUNI INT #950003 800-950-1292 WA,246.6,Transportation
SHAKE SHACK - 1230 KIRKLAND WA,26.1,Miscellaneous_Unknown
SHELL LANSERIA Krugersdorp,4.8,Miscellaneous_Unknown
SHERATON LOS ANGELES CA,166.9,Lodging
SIGNATURE FLIGHT SUPPO CAPE TOWN,1346.5,Aircraft_Aviation
SLING.COM 888-363-1777 CO,139.9,Miscellaneous_Unknown
SOAMES HOTEL&JACKS BAR NANYUKI,711.5,Food_Dining
Solitaire Country Lod G Sesriem,11.8,Miscellaneous_Unknown
SORIANA939 ZIHUATANEJO ZIHUATANEJO D,626.7,Food_Dining
SOSIO'S PRODUCE SEATTLE WA,43.0,Miscellaneous_Unknown
SPHERE-CONCESSIONS LAS VEGAS NV,45.4,Miscellaneous_Unknown
SPO*CASCADIAPIZZACO-BELLEBELLEVUE WA,26.9,Miscellaneous_Unknown
SPO*WHISKEYCREEKWOODFIREGBROOKINGS SD,46.3,Miscellaneous_Unknown
SPORTY'S CATALOGS 513-735-9000 OH,792.5,Aircraft_Aviation
SQ *ALL CITY COFFEE Seattle WA,20.1,Miscellaneous_Unknown
SQ *ANDRII CO. Kirkland WA,11.0,Miscellaneous_Unknown
SQ *AXUM FOODS LLC Seattle WA,5.4,Miscellaneous_Unknown
SQ *BRIOCHE COFFEE & BRUNLondon,52.1,Food_Dining
SQ *BROOKINGS TAXI SERVICBROOKINGS SD,10.9,Miscellaneous_Unknown
SQ *CITY CRUISES London,23.3,Miscellaneous_Unknown
SQ *DERU MARKET Kirkland WA,9.9,Miscellaneous_Unknown
"SQ *FEDELE OXFORD LTD High Street,",13.6,Miscellaneous_Unknown
SQ *FUZZY INK Riverdale MD,34.0,Miscellaneous_Unknown
SQ *GREEN CAB AIRPORT TAXMercer IslandWA,77.0,Transportation
SQ *ISLAND BOOKS MERCER ISLANDWA,19.8,Miscellaneous_Unknown
SQ *KRISTOFERSON FARM Camano IslandWA,309.8,Food_Dining
SQ *LA FETE PATISSERIE Mercer IslandWA,26.7,Miscellaneous_Unknown
SQ *LA FETE PATISSERIE MERCER ISLANDWA,13.1,Miscellaneous_Unknown
SQ *MACRINA - MERCER ISLAMercer IslandWA,18.2,Miscellaneous_Unknown
SQ *MACRINA BAKERY - SODOSeattle WA,18.7,Miscellaneous_Unknown
SQ *MIRIAM?S BAKESHOP Mercer IslandWA,39.0,Miscellaneous_Unknown
SQ *MOLLY MOON'S COLUMBIASeattle WA,76.9,Food_Dining
SQ *MUSTARD SEED BAKING CStanwood WA,27.3,Miscellaneous_Unknown
SQ *NIJEBA SHIKURI Seattle WA,47.2,Miscellaneous_Unknown
SQ *PACCI?S WASHINGTON DC,166.4,Food_Dining
SQ *SEATTLE : FACEPAINT Seattle WA,26.0,Miscellaneous_Unknown
SQ *SEATTLE GRAND CENTRALSeattle WA,27.9,Miscellaneous_Unknown
SQ *SEATTLE POPS - FARMERSeattle WA,13.5,Miscellaneous_Unknown
SQ *SHAWN'S CAFE & BAKERYMercer IslandWA,19.8,Miscellaneous_Unknown
SQ *SIDAMO COFFEE AND TEAWashington DC,61.1,Food_Dining
SQ *SUGAR BAKERY & CAFE Seattle WA,10.7,Miscellaneous_Unknown
SQ *SWING'S COFFEE ROASTEAlexandria VA,9.7,Miscellaneous_Unknown
SQ *TAXI 306 Seattle WA,38.4,Miscellaneous_Unknown
SQ *THAI THAI KITCHEN STAStanwood WA,723.5,Food_Dining
"SQ *TINY'S ORGANIC, LLC Seattle WA",14.2,Miscellaneous_Unknown
SQ *TRUE NORTH BAKERY Burlington WA,58.4,Food_Dining
SQ *WENDY SIMPLY COOKS Tukwila WA,60.5,Food_Dining
STANWOOD CINEMAS B&M STANWOOD WA,198.5,Entertainment
STARBUCKS 03310 MERCER ISLANDWA,13.2,Miscellaneous_Unknown
STARBUCKS 03702 SEATTLE WA,4.4,Miscellaneous_Unknown
STARBUCKS STORE 03278 BELLEVUE WA,4.8,Miscellaneous_Unknown
STARBUCKS STORE 03310 MERCER ISLANDWA,28.4,Miscellaneous_Unknown
STARBUCKS STORE 03321 MARYSVILLE WA,4.8,Miscellaneous_Unknown
STUBHUB INC 866-788-2482 CA,1135.0,Entertainment
Subway Seattle WA,34.1,Miscellaneous_Unknown
SumUp *Mohamed harrak Swansea,19.8,Miscellaneous_Unknown
SVO TICKETING SEATTLE WA,94.5,Entertainment
T-MOBILE HOTSPOT GMBH BONBONN,9.4,Miscellaneous_Unknown
T. Jensen Coffee1001312Lusaka,9.5,Miscellaneous_Unknown
TACNETLTD.COM 441865451662,70.0,Miscellaneous_Unknown
TALISMAN RESTAURANT NAIROBI,207.6,Food_Dining
TAN SOK CHOEU VITRY SUR SEI,94.0,Food_Dining
TAPA E-TICKET ATHINA,28.1,Miscellaneous_Unknown
TARGET 00027862 SEATTLE WA,45.2,Miscellaneous_Unknown
TERRASSE DE MME 2939319 PARIS0000556/,9.8,Miscellaneous_Unknown
TFL TRAVEL CH TFL.GOV.UK/CP,33.8,Miscellaneous_Unknown
THE AERO EAST AFRICA USD NAIROBI,40.0,Miscellaneous_Unknown
THE AERO OF EAST AFRICA NAIROBI,453.7,Lodging
THE BAKED CAFE CAMANO ISLANDWA,51.5,Lodging
THE GAINSBOROUGH BATH,1684.5,Lodging
THE HOME DEPOT #4711 BELLEVUE WA,68.2,House & Real Estate
THE INDIA 4 - BEST OF THELONDON,199.6,Food_Dining
THE INFORMATION THEINFORMATIOCA,769.2,Subscriptions
THE KENSINGTON CREPERI LONDON,10.3,Miscellaneous_Unknown
THE MUSEUM OF FLIGHT MAINTUKWILA WA,284.3,Entertainment
THE MUSEUM OF FLIGHT ONLI206-768-7111 WA,200.0,Entertainment
THE RESTAURANT SN MIGUEL DE,172.9,Food_Dining
THE STAR STORE LANGLEY WA,101.2,Food_Dining
THE UPS STORE 1081 510-5176645 WA,131.0,Miscellaneous_Unknown
THOMPSON SEATTLE F&B SEATTLE WA,30.0,Miscellaneous_Unknown
TICKETSOURCE 0333 666 4466,58.3,Entertainment
Tiqets INC 617-8588844 PA,257.6,Entertainment
TPD FIRST HILL 117 SEATTLE WA,39.3,Miscellaneous_Unknown
TPD JUANITA 119 KIRKLAND WA,106.6,Food_Dining
TRADER JOE S #132 KIRKLAND WA,120.0,Food_Dining
trainline +443332022222,1010.4,Transportation
TRAINLINE WWW.THETRAINL,96.0,Transportation
TRES MUJERES TRONCONES TRONCONES,10363.6,Lodging
TST* ASA MERCER ISLANDWA,22.5,Miscellaneous_Unknown
TST* BEECHER'S HANDMADE CBELLEVUE WA,61.4,Food_Dining
TST* BURGERMASTER - BELLEBELLEVUE WA,46.3,Miscellaneous_Unknown
TST* DOUGH ZONE - DOWNTOWBELLEVUE WA,177.3,Food_Dining
TST* EGG & US - ISSAQUAH ISSAQUAH WA,32.9,Miscellaneous_Unknown
TST* LAKESIDE TAVERN & BRDETROIT LAKESMN,34.3,Miscellaneous_Unknown
TST* LE PAIN QUOTIDIEN - WASHINGTON DC,46.8,Miscellaneous_Unknown
TST* LOS CHILANGOS KIRKLAKIRKLAND WA,63.8,Food_Dining
TST* SHELLIE'S COUNTRY CAHELENA MT,27.9,Miscellaneous_Unknown
TST* STARR - PASTIS DC WASHINGTON DC,480.4,Food_Dining
TST* TATTE BAKERY CITY CEWASHINGTON DC,40.9,Miscellaneous_Unknown
TST* VIVIENNES BISTRO MERCER ISLANDWA,470.6,Food_Dining
TST* YUZEN JAPANESE CUISIMERCER ISLANDWA,142.5,Food_Dining
TST*BLACK SHEEP SOCIAL C Cedar Rapids IA,551.3,Food_Dining
TST*BLUE HERON KITCHEN A Camano WA,319.4,Food_Dining
TST*CAMANO COMMONS Camano IslandWA,111.8,Food_Dining
TST*FONDA LA CATRINA Seattle WA,160.3,Food_Dining
TST*LOLA - TOM DOUGLAS Seattle WA,314.1,Food_Dining
TST*MAMNOON Seattle WA,140.3,Food_Dining
TST*MERCURYS COFFEE - T Kirkland WA,5.7,Miscellaneous_Unknown
TST*NEB - TOM DOUGLAS Seattle WA,232.0,Food_Dining
TST*PRELUDE Seattle WA,49.9,Miscellaneous_Unknown
TST*SANO CAFE Mercer IslandWA,53.3,Food_Dining
TST*SERIOUS PIE DOWNTOWN Seattle WA,139.5,Food_Dining
TST*TUTTA BELLA NEAPOLIT Seattle WA,574.9,Food_Dining
TST*VIVIENNES BISTRO Mercer IslandWA,981.1,Food_Dining
TST*YELLOW - UNION MARKE Washington DC,123.8,Food_Dining
TTG* TimeOut London,138.4,Entertainment
TURKISH AIRL000000055W5K5WWW.TURKISHAINY,7767.2,Other_Airline
TXW*LONDON TAXI 75240 GLASGOW,34.8,Miscellaneous_Unknown
UBER *TRIP HELP.UBER.COM,317.0,Transportation
UBER *TRIP HELP.UBER.COMCA,1075.1,Transportation
UBER* TRIP CIUDAD DE MEX,60.4,Transportation
UBER* TRIP UBER.COM/MX/E,5.0,Miscellaneous_Unknown
UNITED 0162326279564UNITED.COM TX,658.2,Other_Airline
UNITED 0162332799320UNITED.COM TX,594.5,Other_Airline
UNITED 0162332799321UNITED.COM TX,594.5,Other_Airline
UNITED 0162332952057UNITED.COM TX,424.5,Other_Airline
UNITED 0162447198764UNITED.COM TX,835.0,Other_Airline
US CUSTOMS DTOPS 317-298-1245 IN,72.9,Miscellaneous_Unknown
USCUSTOMS TRUSTEDTRAVELER317-715-6776 IN,145.0,Transportation
UTENGULE COFFEE LODGE MBEYA,93.4,Food_Dining
UW PAY BY PHONE 206-685-1553 WA,10.0,Miscellaneous_Unknown
VCS*Ministry*of Home A Windhoek,90.7,Transportation
VICTORIA&ALBERT MUSEUM LONDON,21.8,Miscellaneous_Unknown
VILLAGE CLEANERS MERCER ISLANDCA,277.3,House & Real Estate
VIRGINIA MASON FRONT DESKSEATTLE WA,285.0,Health
VIRGINIA MASON MEDICAL CE206-2236601 WA,2309.6,Health
VM PARKING BUCK VALET SEATTLE WA,5.0,Miscellaneous_Unknown
VM PARKING LINDEMAN SEATTLE WA,7.0,Miscellaneous_Unknown
VM PARKING TERRY UNIV LOTSEATTLE WA,5.0,Miscellaneous_Unknown
VMO*VIMEO.COM 848-359-5618 NY,119.0,Subscriptions
WA DEPT OF HEALTH HSQA 360-236-4508 WA,143.5,Health
WA DOL LIC & REG 41782 KENT WA,140.1,Cars_Boats
WAITROSE 641 KNIGHTSBRIDGE,48.2,Miscellaneous_Unknown
WAL-MART #1538 BROOKINGS SD,56.2,Miscellaneous_Unknown
WELCOME B/WAITROSE FLEET SOUTH,12.8,Miscellaneous_Unknown
WH Smith Swansea Swansea,39.8,Miscellaneous_Unknown
WHC CAB LAS VEGAS NV,25.4,Miscellaneous_Unknown
WHOLEFDS HST#10565 WASHINGTON DC,68.6,Food_Dining
WICKED BREW STANWOOD WA,3.3,Miscellaneous_Unknown
WICKER PARK SUSHI ORD CHICAGO IL,35.1,Miscellaneous_Unknown
WOOLWORTHS SANDTON,57.0,Food_Dining
WOOLWORTHS SOMERSET WEST,8.6,Miscellaneous_Unknown
WSDOT-GOODTOGO ONLINE RENTON WA,300.0,Cars_Boats
WSFERRIES-COLMAN DOCK SEATTLE WA,10.3,Miscellaneous_Unknown
WSP BACKGROUND CHECKS 360-534-2109 WA,21.0,Miscellaneous_Unknown
www.headout.com Berlin,56.9,Entertainment
XH165709 MISC LA GUERA IIE ZAPATA,460.7,Food_Dining
Yalla Yalla London,226.7,Food_Dining
YYJ FBO SERVICES LTD NORTH SAANICHBC,113.3,Aircraft_Aviation
ZETTLE_*SARTORELLI S L WITNEY,15.6,Miscellaneous_Unknown
Zettle_*Sartorelli?s Ltd Witney,28.5,Miscellaneous_Unknown
ZETTLE_*SCOTT WOLSEY BARNET,35.8,Miscellaneous_Unknown
ZOLEO USA Inc. SEATTLE WA,171.9,Aircraft_Aviation
ZOOM.COM 888-799-9666 ZOOM.US CA,165.2,Computers_Software
ZUVA J Nkomo A/P Bulawayo,563.9,Aircraft_Aviation
ZUVA R.G Mugabe A/P Harare,522.1,Aircraft_Aviation